-- phpMyAdmin SQL Dump
-- version 4.8.3
-- https://www.phpmyadmin.net/
--
-- Host: 127.0.0.1
-- Generation Time: Feb 03, 2021 at 06:52 AM
-- Server version: 10.1.37-MariaDB
-- PHP Version: 7.2.12

SET SQL_MODE = "NO_AUTO_VALUE_ON_ZERO";
SET AUTOCOMMIT = 0;
START TRANSACTION;
SET time_zone = "+00:00";


/*!40101 SET @OLD_CHARACTER_SET_CLIENT=@@CHARACTER_SET_CLIENT */;
/*!40101 SET @OLD_CHARACTER_SET_RESULTS=@@CHARACTER_SET_RESULTS */;
/*!40101 SET @OLD_COLLATION_CONNECTION=@@COLLATION_CONNECTION */;
/*!40101 SET NAMES utf8mb4 */;

--
-- Database: `pelaporan`
--

-- --------------------------------------------------------

--
-- Table structure for table `tb_admin`
--

CREATE TABLE `tb_admin` (
  `id_admin` int(10) NOT NULL,
  `username` varchar(100) NOT NULL,
  `password` varchar(50) NOT NULL
) ENGINE=InnoDB DEFAULT CHARSET=latin1;

--
-- Dumping data for table `tb_admin`
--

INSERT INTO `tb_admin` (`id_admin`, `username`, `password`) VALUES
(1, 'admin', '1'),
(2, '1', 'c4ca4238a0b923820dcc509a6f75849b');

-- --------------------------------------------------------

--
-- Table structure for table `tb_cluster`
--

CREATE TABLE `tb_cluster` (
  `id_cluster` int(100) NOT NULL,
  `cluster` varchar(100) NOT NULL,
  `marker` varchar(100) NOT NULL DEFAULT 'default.jpg'
) ENGINE=InnoDB DEFAULT CHARSET=latin1;

--
-- Dumping data for table `tb_cluster`
--

INSERT INTO `tb_cluster` (`id_cluster`, `cluster`, `marker`) VALUES
(1, 'Rusak Ringan', 'kuning.png'),
(2, 'Rusak Sedang', 'hijau.png'),
(3, 'Rusak Berat', 'merah.png');

-- --------------------------------------------------------

--
-- Table structure for table `tb_kecamatan`
--

CREATE TABLE `tb_kecamatan` (
  `id_kecamatan` int(100) NOT NULL,
  `kode` varchar(50) NOT NULL,
  `nama_kecamatan` varchar(50) NOT NULL
) ENGINE=InnoDB DEFAULT CHARSET=latin1;

--
-- Dumping data for table `tb_kecamatan`
--

INSERT INTO `tb_kecamatan` (`id_kecamatan`, `kode`, `nama_kecamatan`) VALUES
(1, '35.07.25', 'Lawang'),
(2, '35.07.24', 'Singosari'),
(3, '35.07.23', 'Karangploso'),
(4, '35.07.22', 'Dau');

-- --------------------------------------------------------

--
-- Table structure for table `tb_kerusakan`
--

CREATE TABLE `tb_kerusakan` (
  `id_kerusakan` int(100) NOT NULL,
  `jenis` varchar(100) NOT NULL,
  `id_cluster` int(100) NOT NULL
) ENGINE=InnoDB DEFAULT CHARSET=latin1;

--
-- Dumping data for table `tb_kerusakan`
--

INSERT INTO `tb_kerusakan` (`id_kerusakan`, `jenis`, `id_cluster`) VALUES
(1, 'Retak Memanjang', 1),
(2, 'Retak Melintang', 1),
(3, 'Retak Tepi', 2),
(4, 'Retak Buaya', 3);

-- --------------------------------------------------------

--
-- Table structure for table `tb_lap`
--

CREATE TABLE `tb_lap` (
  `id_laporan` int(100) NOT NULL,
  `pelapor` varchar(100) NOT NULL,
  `nik` int(100) NOT NULL,
  `email` varchar(100) NOT NULL,
  `telepon` varchar(100) NOT NULL,
  `lokasi` varchar(100) NOT NULL,
  `id_kecamatan` int(100) NOT NULL,
  `id_kerusakan` int(100) NOT NULL,
  `keterangan` varchar(100) NOT NULL,
  `tanggal` timestamp NOT NULL DEFAULT CURRENT_TIMESTAMP,
  `latitude` varchar(100) NOT NULL,
  `longitude` varchar(100) DEFAULT NULL,
  `gambar` varchar(100) NOT NULL,
  `status` varchar(100) NOT NULL DEFAULT 'BELUM DIPROSES'
) ENGINE=InnoDB DEFAULT CHARSET=latin1;

--
-- Dumping data for table `tb_lap`
--

INSERT INTO `tb_lap` (`id_laporan`, `pelapor`, `nik`, `email`, `telepon`, `lokasi`, `id_kecamatan`, `id_kerusakan`, `keterangan`, `tanggal`, `latitude`, `longitude`, `gambar`, `status`) VALUES
(12, 'Kurnia Dwi Styowati', 0, 'kurniadwistyowati@gmail.com', '082139383716', 'jl.Perusahaan', 2, 4, 'Jalanan retak dan sangat membahayakan pengendara', '2020-12-02 10:33:28', '-7.9119444561816215', '112.62900352478027', 'retak_buaya3.jpg', 'BELUM DIPROSES'),
(13, 'gaga', 0, '1718071@scholar.itn.ac.id', '081357462039', 'jl.perusahaan', 2, 4, 'jalanan rusak berat', '2020-12-03 13:44:39', '-7.911094318825027', '112.63054847717287', 'retak_buaya4.jpg', 'BELUM DIPROSES'),
(18, 'TUTUT SURYANI', 0, 'tttsuryani@gmail.com', '081357462039', 'jl.golf', 3, 4, 'jalan rusak', '2020-12-10 02:58:48', '-7.9098298777748015', '112.61925073244485', 'retak_buaya8.jpg', 'VALID'),
(21, 'yaya', 0, 'tttsuryani@gmail.com', '081357462039', 'jl.jambu', 1, 1, 'jalan rusak', '2020-12-21 16:14:50', '-7.865252320981411', '112.68788337707521', 'retak_buaya.jpg', 'BELUM DIPROSES'),
(26, 'yaya', 0, 'apparelart3@gmail.com', '0987654', 'jl. atletik', 1, 2, 'Jalanan retak mohon segera diperbaiki', '2020-12-22 08:34:17', '-7.900620481788033', '112.66161918640138', 'retak_buaya11.jpg', 'BELUM DIPROSES'),
(27, 'farah', 0, 'apparelart3@gmail.com', '0987654', 'jl. loncat indah', 2, 4, 'Jalanan retak mohon segera diperbaiki', '2020-12-22 08:37:47', '-7.884467129549804', '112.6732921600342', 'retak_buaya5.jpg', 'BELUM DIPROSES'),
(28, 'dafa', 0, 'tttsuryani@gmail.com', '081357462039', 'JL. mangga', 2, 1, 'Jalanan retak mohon segera diperbaiki', '2020-12-22 13:48:14', '-7.913202655214422', '112.64754295349121', 'retak_buaya1.jpg', 'SUDAH DIPERBAIKI'),
(29, 'salsa', 321, 'apparelart3@gmail.com', '081357462039', 'jl.malang', 2, 1, 'Jalanan retak mohon segera diperbaiki', '2020-12-22 15:03:59', '-7.921023812737141', '112.63655662536623', 'retak_buaya6.jpg', 'VALID'),
(31, 'Kina', 123456789, 'tttsuryani@gmail.com', '081357462039', 'jl.perusahaan', 2, 4, 'jalan retak buayaa', '2021-01-14 03:57:50', '-7.913882761761698', '112.64222145080568', 'retak_buayaa.jpg', 'SUDAH DIPERBAIKI'),
(32, 'amel', 12345, 'tttsuryani@gmail.com', '081357462039', 'jl.mawar', 2, 4, 'jalanan retak buaya segera diperbaiki', '2021-01-14 19:59:19', '-7.9228940675339095', '112.64719963073732', 'retak_buayaa1.jpg', 'VALID'),
(33, 'wawa', 123456, 'tttsuryani@gmail.com', '081357462039', 'jl.melati', 4, 1, 'jalanan retak mohon segera diperbaiki', '2021-01-15 04:33:04', '-7.910652245669084', '112.54385948181152', 'retak_buayaa2.jpg', 'SUDAH DIPERBAIKI'),
(34, 'tutut', 351888888, 'tttsuryani@gmail.com', '081357462039', 'jl.golf', 2, 4, 'jalanan rusak dan mohon dipebaiki', '2021-01-15 06:13:17', '-7.901385624911743', '112.597975730896', 'retak_buayaa3.jpg', 'SUDAH DIPERBAIKI'),
(41, 'TUTUT SURYANI', 351222333, 'tttsuryani@gmail.com', '081357462039', 'Jl.golf 72 tasikmadu', 2, 2, 'mohon segera diperbaiki', '2021-01-28 04:59:42', '-7.889823311035773', '112.66380786895753', 'retak_buaya_(1)5.jpg', 'VALID');

-- --------------------------------------------------------

--
-- Table structure for table `tb_ruas`
--

CREATE TABLE `tb_ruas` (
  `id_ruas` int(100) NOT NULL,
  `id_kecamatan_ruas` int(100) NOT NULL,
  `nama_ruas` varchar(100) NOT NULL
) ENGINE=InnoDB DEFAULT CHARSET=latin1;

--
-- Dumping data for table `tb_ruas`
--

INSERT INTO `tb_ruas` (`id_ruas`, `id_kecamatan_ruas`, `nama_ruas`) VALUES
(1, 1, 'Lawang - Sumberporong'),
(2, 1, 'Mulyoarjo - Sumberngepuh'),
(3, 1, 'Lawang - Wonorejo'),
(4, 1, 'Bedali - Srigading'),
(5, 1, 'Lawang - Wonosari'),
(6, 1, 'Wonorejo - Ketindan'),
(7, 2, 'Ardimulyo Toyomarto'),
(8, 2, 'Candirenggo - Toyomarto'),
(9, 2, 'Singosari - Karangploso'),
(10, 2, 'Banjararum - Langlang'),
(11, 2, 'Banjararum - Mangliawan'),
(12, 2, 'Singosari - Jabung'),
(13, 3, 'Kepuharjo - Langlang'),
(14, 3, 'Kepuharjo - Tegalgondo'),
(15, 3, 'Ngenep - Sumbul'),
(16, 3, 'Karangploso - Giripurwo'),
(17, 4, 'Sengkaling - Junrejo'),
(18, 4, 'Mulyoagung - Landungsari'),
(19, 4, 'Landungsari - Tegalweru'),
(20, 4, 'Sumbersari - Dalisodo'),
(21, 4, 'Karangwidoro - Candi Badut'),
(22, 4, 'Sumberrejo - Petungsewu');

-- --------------------------------------------------------

--
-- Table structure for table `tb_status`
--

CREATE TABLE `tb_status` (
  `id_status` int(100) NOT NULL,
  `status` varchar(100) NOT NULL
) ENGINE=InnoDB DEFAULT CHARSET=latin1;

--
-- Dumping data for table `tb_status`
--

INSERT INTO `tb_status` (`id_status`, `status`) VALUES
(0, 'BELUM DIPROSES'),
(1, 'VALID'),
(2, 'SURVEY'),
(3, 'TIDAK VALID'),
(4, 'SUDAH DIPERBAIKI');

-- --------------------------------------------------------

--
-- Table structure for table `tb_valid`
--

CREATE TABLE `tb_valid` (
  `id_valid` int(100) NOT NULL,
  `id_kecamatan` int(11) DEFAULT NULL,
  `id_ruas` int(100) DEFAULT NULL,
  `dari` varchar(100) NOT NULL,
  `ke` varchar(100) NOT NULL,
  `lebar` int(100) NOT NULL,
  `luas` int(100) NOT NULL,
  `id_kerusakan` int(100) NOT NULL,
  `latitude` varchar(100) NOT NULL,
  `longitude` varchar(100) NOT NULL,
  `id_cluster` int(100) NOT NULL,
  `status` varchar(100) NOT NULL DEFAULT 'VALID'
) ENGINE=InnoDB DEFAULT CHARSET=latin1;

--
-- Dumping data for table `tb_valid`
--

INSERT INTO `tb_valid` (`id_valid`, `id_kecamatan`, `id_ruas`, `dari`, `ke`, `lebar`, `luas`, `id_kerusakan`, `latitude`, `longitude`, `id_cluster`, `status`) VALUES
(1, 1, 1, '0', '200', 1, 1, 1, '-7.822260834', '112.7065372', 0, 'VALID'),
(2, 1, 1, '200', '400', 1, 1, 1, '-7.82291374', '112.708169', 0, 'VALID'),
(3, 1, 1, '400', '600', 1, 1, 1, '-7.823491568', '112.7098318', 0, 'VALID'),
(4, 1, 1, '600', '800', 1, 1, 1, '-7.82406581', '112.7114957', 0, 'VALID'),
(5, 1, 1, '800', '1,000', 1, 1, 1, '-7.824670898', '112.7131468', 0, 'VALID'),
(6, 1, 1, '1,000', '1,200', 1, 1, 1, '-7.825266748', '112.7147977', 0, 'VALID'),
(7, 1, 1, '1,200', '1,400', 1, 1, 1, '-7.825754718', '112.7164677', 0, 'VALID'),
(8, 1, 1, '1,400', '1,600', 4, 3, 3, '-7.826488764', '112.7180673', 0, 'VALID'),
(9, 1, 1, '1,600', '1,800', 4, 3, 3, '-7.826582552', '112.7194154', 0, 'VALID'),
(10, 1, 1, '1,800', '2,000', 4, 3, 3, '-7.8265559', '112.7210658', 0, 'VALID'),
(11, 1, 1, '2,000', '2,200', 1, 1, 1, '-7.825925518', '112.7227092', 0, 'VALID'),
(12, 1, 1, '2,200', '2,400', 1, 1, 1, '-7.825753065', '112.7242668', 0, 'VALID'),
(13, 1, 1, '2,400', '2,600', 4, 3, 3, '-7.826448338', '112.7258821', 0, 'VALID'),
(14, 1, 1, '2,600', '2,800', 4, 3, 3, '-7.826700372', '112.7272923', 0, 'VALID'),
(15, 1, 1, '2,800', '3,000', 1, 1, 1, '-7.825282934', '112.7282282', 0, 'VALID'),
(16, 1, 2, '0', '200', 1, 1, 1, '-7.830192561', '112.697957', 0, 'VALID'),
(17, 1, 2, '200', '400', 1, 1, 1, '-7.830729685', '112.6996832', 0, 'VALID'),
(18, 1, 2, '400', '600', 1, 1, 1, '-7.831281169', '112.7014029', 0, 'VALID'),
(19, 1, 2, '600', '800', 1, 1, 1, '-7.831339085', '112.7031327', 0, 'VALID'),
(20, 1, 2, '800', '1,000', 1, 1, 1, '-7.832168779', '112.7047343', 0, 'VALID'),
(21, 1, 2, '1,000', '1,200', 1, 1, 1, '-7.832912383', '112.7063041', 0, 'VALID'),
(22, 1, 2, '1,200', '1,400', 1, 1, 1, '-7.833813235', '112.7078529', 0, 'VALID'),
(23, 1, 2, '1,400', '1,600', 1, 1, 1, '-7.834017138', '112.7096361', 0, 'VALID'),
(24, 1, 2, '1,600', '1,800', 1, 1, 1, '-7.834085324', '112.7114434', 0, 'VALID'),
(25, 1, 2, '1,800', '2,000', 1, 1, 1, '-7.834151335', '112.7132506', 0, 'VALID'),
(26, 1, 2, '2,000', '2,200', 1, 1, 1, '-7.834218184', '112.7150522', 0, 'VALID'),
(27, 1, 2, '2,200', '2,400', 1, 1, 1, '-7.834901639', '112.716699', 0, 'VALID'),
(28, 1, 2, '2,400', '2,600', 1, 1, 1, '-7.835502535', '112.7184038', 0, 'VALID'),
(29, 1, 2, '2,600', '2,800', 1, 1, 1, '-7.835960455', '112.7201457', 0, 'VALID'),
(30, 1, 2, '2,800', '3,000', 1, 1, 1, '-7.836442666', '112.721875', 0, 'VALID'),
(31, 1, 3, '0', '200', 1, 1, 1, '-7.82985627', '112.697119', 0, 'VALID'),
(32, 1, 3, '200', '400', 1, 1, 1, '-7.82932903', '112.6954193', 0, 'VALID'),
(33, 1, 3, '400', '600', 1, 1, 1, '-7.830016644', '112.6937881', 0, 'VALID'),
(34, 1, 3, '600', '800', 1, 1, 1, '-7.830392562', '112.6921213', 0, 'VALID'),
(35, 1, 3, '800', '1,000', 1, 1, 1, '-7.830189357', '112.6904303', 0, 'VALID'),
(36, 1, 3, '1,000', '1,200', 1, 1, 1, '-7.8300454', '112.6888431', 0, 'VALID'),
(37, 1, 3, '1,200', '1,400', 1, 1, 1, '-7.830134612', '112.687041', 0, 'VALID'),
(38, 1, 3, '1,400', '1,600', 1, 1, 1, '-7.829915422', '112.685264', 0, 'VALID'),
(39, 1, 3, '1,600', '1,800', 1, 1, 1, '-7.82935397', '112.6835482', 0, 'VALID'),
(40, 1, 3, '1,800', '2,000', 1, 1, 1, '-7.829296562', '112.6817543', 0, 'VALID'),
(41, 1, 3, '2,000', '2,200', 1, 1, 1, '-7.829452515', '112.6799639', 0, 'VALID'),
(42, 1, 3, '2,200', '2,400', 1, 1, 1, '-7.830902094', '112.6796268', 0, 'VALID'),
(43, 1, 3, '2,400', '2,600', 1, 1, 1, '-7.831286973', '112.6784703', 0, 'VALID'),
(44, 1, 3, '2,600', '2,800', 1, 1, 1, '-7.831021956', '112.6766925', 0, 'VALID'),
(45, 1, 3, '2,800', '3,000', 1, 1, 1, '-7.830669956', '112.674923', 0, 'VALID'),
(46, 1, 4, '0', '200', 1, 1, 1, '-7.859435536', '112.6886304', 0, 'VALID'),
(47, 1, 4, '200', '400', 1, 1, 1, '-7.860599217', '112.6899951', 0, 'VALID'),
(48, 1, 4, '400', '600', 1, 1, 1, '-7.861775043', '112.6913508', 0, 'VALID'),
(49, 1, 4, '600', '800', 1, 1, 1, '-7.862955469', '112.6927026', 0, 'VALID'),
(50, 1, 4, '800', '1,000', 1, 1, 1, '-7.86412635', '112.6940628', 0, 'VALID'),
(51, 1, 4, '1,000', '1,200', 1, 1, 1, '-7.865258725', '112.6954547', 0, 'VALID'),
(52, 1, 4, '1,200', '1,400', 1, 1, 1, '-7.866408427', '112.6968239', 0, 'VALID'),
(53, 1, 4, '1,400', '1,600', 1, 1, 1, '-7.867565704', '112.6981933', 0, 'VALID'),
(54, 1, 4, '1,600', '1,800', 1, 1, 1, '-7.868745827', '112.6995254', 0, 'VALID'),
(55, 1, 4, '1,800', '2,000', 2, 4, 2, '-7.869801595', '112.700894', 0, 'VALID'),
(56, 1, 4, '2,000', '2,200', 1, 1, 1, '-7.870000358', '112.7026434', 0, 'VALID'),
(57, 1, 4, '2,200', '2,400', 1, 1, 1, '-7.870088328', '112.7044263', 0, 'VALID'),
(58, 1, 4, '2,400', '2,600', 1, 1, 1, '-7.870296484', '112.7062082', 0, 'VALID'),
(59, 1, 4, '2,600', '2,800', 1, 1, 1, '-7.87052036', '112.7079865', 0, 'VALID'),
(60, 1, 4, '2,800', '3,000', 1, 1, 1, '-7.870943833', '112.7097299', 0, 'VALID'),
(61, 1, 5, '0', '200', 4, 3, 4, '-7.826949491', '112.6992704', 0, 'VALID'),
(62, 1, 5, '200', '400', 4, 3, 3, '-7.826583094', '112.6975272', 0, 'VALID'),
(63, 1, 5, '400', '600', 4, 3, 3, '-7.826223975', '112.6957867', 0, 'VALID'),
(64, 1, 5, '600', '800', 4, 3, 3, '-7.825311036', '112.6942687', 0, 'VALID'),
(65, 1, 5, '800', '1,000', 1, 1, 1, '-7.824971032', '112.6925312', 0, 'VALID'),
(66, 1, 5, '1,000', '1,200', 1, 1, 1, '-7.824713081', '112.6907798', 0, 'VALID'),
(67, 1, 5, '1,200', '1,400', 1, 1, 1, '-7.824172869', '112.6890845', 0, 'VALID'),
(68, 1, 5, '1,400', '1,600', 4, 3, 4, '-7.823880153', '112.687329', 0, 'VALID'),
(69, 1, 5, '1,600', '1,800', 3, 3, 3, '-7.823508729', '112.6855867', 0, 'VALID'),
(70, 1, 5, '1,800', '2,000', 1, 1, 1, '-7.823224415', '112.6838266', 0, 'VALID'),
(71, 1, 5, '2,000', '2,200', 1, 1, 1, '-7.822707966', '112.6821256', 0, 'VALID'),
(72, 1, 5, '2,200', '2,400', 1, 1, 1, '-7.821798015', '112.6805958', 0, 'VALID'),
(73, 1, 5, '2,400', '2,600', 1, 1, 1, '-7.820796242', '112.6791219', 0, 'VALID'),
(74, 1, 5, '2,600', '2,800', 1, 1, 1, '-7.819924035', '112.6775733', 0, 'VALID'),
(75, 1, 5, '2,800', '3,000', 1, 1, 1, '-7.819396705', '112.6758768', 0, 'VALID'),
(76, 1, 6, '0', '200', 1, 1, 1, '-7.828902403', '112.6834976', 0, 'VALID'),
(77, 1, 6, '200', '400', 1, 1, 1, '-7.82798208', '112.6823017', 0, 'VALID'),
(78, 1, 6, '400', '600', 1, 1, 1, '-7.827078348', '112.6807883', 0, 'VALID'),
(79, 1, 6, '600', '800', 1, 1, 1, '-7.826561008', '112.679076', 0, 'VALID'),
(80, 1, 6, '800', '1,000', 1, 1, 1, '-7.8256968', '112.6775297', 0, 'VALID'),
(81, 1, 6, '1,000', '1,200', 3, 3, 2, '-7.824611044', '112.6760944', 0, 'VALID'),
(82, 1, 6, '1,200', '1,400', 1, 1, 1, '-7.824268816', '112.6743898', 0, 'VALID'),
(83, 1, 6, '1,400', '1,600', 1, 1, 1, '-7.823629941', '112.6727213', 0, 'VALID'),
(84, 1, 6, '1,600', '1,800', 1, 1, 1, '-7.82283723', '112.6711007', 0, 'VALID'),
(85, 1, 6, '1,800', '2,000', 3, 3, 3, '-7.82226053', '112.6693909', 0, 'VALID'),
(86, 1, 6, '2,000', '2,200', 1, 1, 1, '-7.821532833', '112.6677422', 0, 'VALID'),
(87, 1, 6, '2,200', '2,400', 1, 1, 1, '-7.820662381', '112.6661583', 0, 'VALID'),
(88, 1, 6, '2,400', '2,600', 1, 1, 1, '-7.819626632', '112.6650083', 0, 'VALID'),
(89, 1, 6, '2,600', '2,800', 1, 1, 1, '-7.818005858', '112.6657663', 0, 'VALID'),
(90, 1, 6, '2,800', '3,000', 1, 1, 1, '-7.817002622', '112.6650669', 0, 'VALID'),
(91, 2, 7, '0', '200', 4, 3, 4, '-7.875545006', '112.6770215', 0, 'VALID'),
(92, 2, 7, '200', '400', 4, 3, 4, '-7.874522664', '112.6755574', 0, 'VALID'),
(93, 2, 7, '400', '600', 1, 1, 1, '-7.873481446', '112.6741107', 0, 'VALID'),
(94, 2, 7, '600', '800', 4, 3, 3, '-7.872426224', '112.6726671', 0, 'VALID'),
(95, 2, 7, '800', '1,000', 4, 4, 3, '-7.871379269', '112.6712163', 0, 'VALID'),
(96, 2, 7, '1,000', '1,200', 1, 1, 1, '-7.870363939', '112.6697456', 0, 'VALID'),
(97, 2, 7, '1,200', '1,400', 1, 1, 1, '-7.86930704', '112.6683057', 0, 'VALID'),
(98, 2, 7, '1,400', '1,600', 4, 3, 4, '-7.868284559', '112.6668381', 0, 'VALID'),
(99, 2, 7, '1,600', '1,800', 1, 1, 1, '-7.867171673', '112.6654377', 0, 'VALID'),
(100, 2, 7, '1,800', '2,000', 1, 1, 1, '-7.86606165', '112.6640351', 0, 'VALID'),
(101, 2, 7, '2,000', '2,200', 4, 3, 3, '-7.864888524', '112.6626892', 0, 'VALID'),
(102, 2, 7, '2,200', '2,400', 1, 1, 1, '-7.863567501', '112.6615035', 0, 'VALID'),
(103, 2, 7, '2,400', '2,600', 1, 1, 1, '-7.861969806', '112.6607188', 0, 'VALID'),
(104, 2, 7, '2,600', '2,800', 1, 1, 1, '-7.860457538', '112.6597739', 0, 'VALID'),
(105, 2, 7, '2,800', '3,000', 4, 3, 3, '-7.858940449', '112.6588273', 0, 'VALID'),
(106, 2, 8, '0', '200', 1, 1, 1, '-7.888806698', '112.6627266', 0, 'VALID'),
(107, 2, 8, '200', '400', 1, 1, 1, '-7.887349296', '112.6637372', 0, 'VALID'),
(108, 2, 8, '400', '600', 4, 3, 2, '-7.885876563', '112.6647258', 0, 'VALID'),
(109, 2, 8, '600', '800', 4, 3, 3, '-7.884286959', '112.6654889', 0, 'VALID'),
(110, 2, 8, '800', '1,000', 1, 1, 1, '-7.882535713', '112.6657272', 0, 'VALID'),
(111, 2, 8, '1,000', '1,200', 1, 1, 1, '-7.880774349', '112.6659439', 0, 'VALID'),
(112, 2, 8, '1,200', '1,400', 1, 1, 1, '-7.879015531', '112.6661833', 0, 'VALID'),
(113, 2, 8, '1,400', '1,600', 1, 1, 1, '-7.877255174', '112.6664115', 0, 'VALID'),
(114, 2, 8, '1,600', '1,800', 1, 1, 1, '-7.875566315', '112.6663258', 0, 'VALID'),
(115, 2, 8, '1,800', '2,000', 1, 1, 1, '-7.874306667', '112.6650807', 0, 'VALID'),
(116, 2, 8, '2,000', '2,200', 1, 1, 1, '-7.873145116', '112.6637403', 0, 'VALID'),
(117, 2, 8, '2,200', '2,400', 4, 4, 2, '-7.871964779', '112.662421', 0, 'VALID'),
(118, 2, 8, '2,400', '2,600', 1, 1, 1, '-7.870722495', '112.6611676', 0, 'VALID'),
(119, 2, 8, '2,600', '2,800', 1, 1, 1, '-7.869519861', '112.6598658', 0, 'VALID'),
(120, 2, 8, '2,800', '3,000', 1, 1, 1, '-7.868305919', '112.6585738', 0, 'VALID'),
(121, 2, 9, '0', '200', 1, 1, 1, '-7.895526269', '112.6651045', 0, 'VALID'),
(122, 2, 9, '200', '400', 1, 1, 1, '-7.894661853', '112.6635271', 0, 'VALID'),
(123, 2, 9, '400', '600', 1, 1, 1, '-7.893730382', '112.6619909', 0, 'VALID'),
(124, 2, 9, '600', '800', 1, 1, 1, '-7.892825982', '112.6604348', 0, 'VALID'),
(125, 2, 9, '800', '1,000', 1, 1, 1, '-7.891948145', '112.6588623', 0, 'VALID'),
(126, 2, 9, '1,000', '1,200', 1, 1, 1, '-7.890885795', '112.6574146', 0, 'VALID'),
(127, 2, 9, '1,200', '1,400', 1, 1, 1, '-7.889771336', '112.6560423', 0, 'VALID'),
(128, 2, 9, '1,400', '1,600', 1, 1, 1, '-7.889196269', '112.6543823', 0, 'VALID'),
(129, 2, 9, '1,600', '1,800', 1, 1, 1, '-7.888295007', '112.6528219', 0, 'VALID'),
(130, 2, 9, '1,800', '2,000', 1, 1, 1, '-7.887369967', '112.6512749', 0, 'VALID'),
(131, 2, 9, '2,000', '2,200', 1, 1, 1, '-7.886470733', '112.6497144', 0, 'VALID'),
(132, 2, 9, '2,200', '2,400', 4, 3, 2, '-7.886001101', '112.6489469', 0, 'VALID'),
(133, 2, 9, '2,400', '2,600', 1, 1, 1, '-7.88480498', '112.6476274', 0, 'VALID'),
(134, 2, 9, '2,600', '2,800', 1, 1, 1, '-7.883590606', '112.64632', 0, 'VALID'),
(135, 2, 9, '2,800', '3,000', 1, 1, 1, '-7.882496493', '112.6448931', 0, 'VALID'),
(136, 2, 10, '0', '200', 1, 1, 1, '-7.911849566', '112.6564157', 0, 'VALID'),
(137, 2, 10, '200', '400', 1, 1, 1, '-7.910850908', '112.6549392', 0, 'VALID'),
(138, 2, 10, '400', '600', 1, 1, 1, '-7.909984495', '112.6533686', 0, 'VALID'),
(139, 2, 10, '600', '800', 1, 1, 1, '-7.909082396', '112.6518194', 0, 'VALID'),
(140, 2, 10, '800', '1,000', 1, 1, 1, '-7.908213181', '112.6502497', 0, 'VALID'),
(141, 2, 10, '1,000', '1,200', 1, 1, 1, '-7.907353568', '112.6486749', 0, 'VALID'),
(142, 2, 10, '1,200', '1,400', 1, 1, 1, '-7.906492327', '112.6471001', 0, 'VALID'),
(143, 2, 10, '1,400', '1,600', 1, 1, 1, '-7.905858006', '112.6454581', 0, 'VALID'),
(144, 2, 10, '1,600', '1,800', 1, 1, 1, '-7.905072488', '112.6439137', 0, 'VALID'),
(145, 2, 10, '1,800', '2,000', 1, 1, 1, '-7.904852303', '112.6421983', 0, 'VALID'),
(146, 2, 10, '2,000', '2,200', 1, 1, 1, '-7.903624638', '112.6409022', 0, 'VALID'),
(147, 2, 10, '2,200', '2,400', 1, 1, 1, '-7.902349509', '112.6396397', 0, 'VALID'),
(148, 2, 10, '2,400', '2,600', 1, 1, 1, '-7.901112553', '112.6383402', 0, 'VALID'),
(149, 2, 10, '2,600', '2,800', 1, 1, 1, '-7.899868135', '112.6370476', 0, 'VALID'),
(150, 2, 10, '2,800', '3,000', 1, 1, 1, '-7.898753688', '112.6356424', 0, 'VALID'),
(151, 2, 11, '0', '200', 1, 1, 1, '-7.913045161', '112.6568091', 0, 'VALID'),
(152, 2, 11, '200', '400', 1, 1, 1, '-7.913767434', '112.6584536', 0, 'VALID'),
(153, 2, 11, '400', '600', 1, 1, 1, '-7.914809423', '112.6598173', 0, 'VALID'),
(154, 2, 11, '600', '800', 1, 1, 1, '-7.9157446', '112.661097', 0, 'VALID'),
(155, 2, 11, '800', '1,000', 1, 1, 1, '-7.916323724', '112.6625544', 0, 'VALID'),
(156, 2, 11, '1,000', '1,200', 1, 1, 1, '-7.917126908', '112.6640654', 0, 'VALID'),
(157, 2, 11, '1,200', '1,400', 1, 1, 1, '-7.917362656', '112.6648504', 0, 'VALID'),
(158, 2, 11, '1,400', '1,600', 1, 1, 1, '-7.91895182', '112.6647972', 0, 'VALID'),
(159, 2, 11, '1,600', '1,800', 1, 1, 1, '-7.92019787', '112.6658484', 0, 'VALID'),
(160, 2, 11, '1,800', '2,000', 1, 1, 1, '-7.921116381', '112.6673576', 0, 'VALID'),
(161, 2, 11, '2,000', '2,200', 1, 1, 1, '-7.922594922', '112.6673612', 0, 'VALID'),
(162, 2, 11, '2,200', '2,400', 1, 1, 1, '-7.924310257', '112.6668217', 0, 'VALID'),
(163, 2, 11, '2,400', '2,600', 1, 1, 1, '-7.926067083', '112.6665204', 0, 'VALID'),
(164, 2, 11, '2,600', '2,800', 1, 1, 1, '-7.926941972', '112.6677842', 0, 'VALID'),
(165, 2, 11, '2,800', '3,000', 1, 1, 1, '-7.928239485', '112.6682137', 0, 'VALID'),
(166, 2, 12, '0', '200', 1, 1, 1, '-7.891278914', '112.6683616', 0, 'VALID'),
(167, 2, 12, '200', '400', 4, 3, 3, '-7.892174886', '112.6699269', 0, 'VALID'),
(168, 2, 12, '400', '600', 1, 1, 1, '-7.8930284', '112.6715141', 0, 'VALID'),
(169, 2, 12, '600', '800', 1, 1, 1, '-7.893510285', '112.6732487', 0, 'VALID'),
(170, 2, 12, '800', '1,000', 1, 1, 1, '-7.894023409', '112.6749776', 0, 'VALID'),
(171, 2, 12, '1,000', '1,200', 1, 1, 1, '-7.894600981', '112.6766865', 0, 'VALID'),
(172, 2, 12, '1,200', '1,400', 1, 1, 1, '-7.895160835', '112.6784008', 0, 'VALID'),
(173, 2, 12, '1,400', '1,600', 1, 1, 1, '-7.895735344', '112.6801111', 0, 'VALID'),
(174, 2, 12, '1,600', '1,800', 1, 1, 1, '-7.896347623', '112.6818065', 0, 'VALID'),
(175, 2, 12, '1,800', '2,000', 4, 3, 3, '-7.896942147', '112.6835015', 0, 'VALID'),
(176, 2, 12, '2,000', '2,200', 1, 1, 1, '-7.897588553', '112.6851829', 0, 'VALID'),
(177, 2, 12, '2,200', '2,400', 1, 1, 1, '-7.898245913', '112.6868582', 0, 'VALID'),
(178, 2, 12, '2,400', '2,600', 1, 1, 1, '-7.898900751', '112.6885396', 0, 'VALID'),
(179, 2, 12, '2,600', '2,800', 4, 3, 3, '-7.899591067', '112.6902063', 0, 'VALID'),
(180, 2, 12, '2,800', '3,000', 1, 1, 1, '-7.900256892', '112.6918836', 0, 'VALID'),
(181, 3, 13, '0', '200', 1, 1, 1, '-7.908910216', '112.6187366', 0, 'VALID'),
(182, 3, 13, '200', '400', 1, 1, 1, '-7.907617543', '112.6199584', 0, 'VALID'),
(183, 3, 13, '400', '600', 1, 1, 1, '-7.906412602', '112.6212747', 0, 'VALID'),
(184, 3, 13, '600', '800', 1, 1, 1, '-7.905185167', '112.6225685', 0, 'VALID'),
(185, 3, 13, '800', '1,000', 1, 1, 1, '-7.903892827', '112.6237972', 0, 'VALID'),
(186, 3, 13, '1,000', '1,200', 1, 1, 1, '-7.902664037', '112.6250897', 0, 'VALID'),
(187, 3, 13, '1,200', '1,400', 1, 1, 1, '-7.901967823', '112.6256207', 0, 'VALID'),
(188, 3, 13, '1,400', '1,600', 1, 1, 1, '-7.900418562', '112.6264749', 0, 'VALID'),
(189, 3, 13, '1,600', '1,800', 2, 2, 2, '-7.899057133', '112.6276272', 0, 'VALID'),
(190, 3, 13, '1,800', '2,000', 4, 3, 2, '-7.898438128', '112.6281934', 0, 'VALID'),
(191, 3, 13, '2,000', '2,200', 1, 1, 1, '-7.898402997', '112.6299306', 0, 'VALID'),
(192, 3, 14, '0', '200', 4, 3, 3, '-7.922938724', '112.6080413', 0, 'VALID'),
(193, 3, 14, '200', '400', 1, 1, 1, '-7.921452267', '112.6090008', 0, 'VALID'),
(194, 3, 14, '400', '600', 1, 1, 1, '-7.920026085', '112.6100554', 0, 'VALID'),
(195, 3, 14, '600', '800', 1, 1, 1, '-7.918721479', '112.6112178', 0, 'VALID'),
(196, 3, 14, '800', '1,000', 1, 1, 1, '-7.917282089', '112.6122604', 0, 'VALID'),
(197, 3, 14, '1,000', '1,200', 1, 1, 1, '-7.915774615', '112.6132007', 0, 'VALID'),
(198, 3, 14, '1,200', '1,400', 1, 1, 1, '-7.914361471', '112.6142662', 0, 'VALID'),
(199, 3, 14, '1,400', '1,600', 1, 1, 1, '-7.912927331', '112.615325', 0, 'VALID'),
(200, 3, 14, '1,600', '1,800', 3, 3, 2, '-7.911522297', '112.6163701', 0, 'VALID'),
(201, 3, 14, '1,800', '2,000', 1, 1, 1, '-7.910105336', '112.6174406', 0, 'VALID'),
(202, 3, 14, '2,000', '2,200', 1, 1, 1, '-7.909481851', '112.618075', 0, 'VALID'),
(203, 3, 15, '0', '200', 3, 3, 2, '-7.899533997', '112.6266363', 0, 'VALID'),
(204, 3, 15, '200', '400', 3, 3, 2, '-7.898750812', '112.6250226', 0, 'VALID'),
(205, 3, 15, '400', '600', 1, 1, 1, '-7.897514897', '112.6237629', 0, 'VALID'),
(206, 3, 15, '600', '800', 1, 1, 1, '-7.89607483', '112.622694', 0, 'VALID'),
(207, 3, 15, '800', '1,000', 1, 1, 1, '-7.894497418', '112.6218398', 0, 'VALID'),
(208, 3, 15, '1,000', '1,200', 1, 1, 1, '-7.892926351', '112.6209735', 0, 'VALID'),
(209, 3, 15, '1,200', '1,400', 1, 1, 1, '-7.891298426', '112.620229', 0, 'VALID'),
(210, 3, 15, '1,400', '1,600', 1, 1, 1, '-7.889935111', '112.6190682', 0, 'VALID'),
(211, 3, 15, '1,600', '1,800', 1, 1, 1, '-7.888733283', '112.6194231', 0, 'VALID'),
(212, 3, 15, '1,800', '2,000', 1, 1, 1, '-7.88762445', '112.6208316', 0, 'VALID'),
(213, 3, 15, '2,000', '2,200', 1, 1, 1, '-7.886356577', '112.6207249', 0, 'VALID'),
(214, 3, 16, '0', '200', 4, 3, 4, '-7.897085143', '112.5997259', 0, 'VALID'),
(215, 3, 16, '200', '400', 1, 1, 1, '-7.895893902', '112.5983935', 0, 'VALID'),
(216, 3, 16, '400', '600', 3, 3, 4, '-7.894698569', '112.5970637', 0, 'VALID'),
(217, 3, 16, '600', '800', 4, 3, 2, '-7.893496691', '112.5957376', 0, 'VALID'),
(218, 3, 16, '800', '1,000', 1, 1, 1, '-7.892252205', '112.5944534', 0, 'VALID'),
(219, 3, 16, '1,000', '1,200', 4, 3, 3, '-7.890954874', '112.5932207', 0, 'VALID'),
(220, 3, 16, '1,200', '1,400', 1, 1, 1, '-7.889650098', '112.5920001', 0, 'VALID'),
(221, 3, 16, '1,400', '1,600', 4, 3, 4, '-7.888363549', '112.5907564', 0, 'VALID'),
(222, 3, 16, '1,600', '1,800', 1, 1, 1, '-7.887047356', '112.5895473', 0, 'VALID'),
(223, 3, 16, '1,800', '2,000', 4, 3, 3, '-7.885760933', '112.5883046', 0, 'VALID'),
(224, 3, 16, '2,000', '2,200', 1, 1, 1, '-7.884468503', '112.5870651', 0, 'VALID'),
(225, 4, 17, '0', '200', 1, 1, 1, '-7.913794611', '112.5845021', 0, 'VALID'),
(226, 4, 17, '200', '400', 1, 1, 1, '-7.915359084', '112.5836544', 0, 'VALID'),
(227, 4, 17, '400', '600', 1, 1, 1, '-7.916962751', '112.5828871', 0, 'VALID'),
(228, 4, 17, '600', '800', 3, 2, 2, '-7.918653738', '112.5823495', 0, 'VALID'),
(229, 4, 17, '800', '1,000', 1, 1, 1, '-7.920354021', '112.5818243', 0, 'VALID'),
(230, 4, 17, '1,000', '1,200', 3, 2, 2, '-7.922100026', '112.5814678', 0, 'VALID'),
(231, 4, 17, '1,200', '1,400', 1, 1, 1, '-7.923345097', '112.5805805', 0, 'VALID'),
(232, 4, 17, '1,400', '1,600', 1, 1, 1, '-7.923604101', '112.5788192', 0, 'VALID'),
(233, 4, 17, '1,600', '1,800', 1, 1, 1, '-7.92355857', '112.5771298', 0, 'VALID'),
(234, 4, 17, '1,800', '2,000', 3, 3, 2, '-7.922646912', '112.5756017', 0, 'VALID'),
(235, 4, 17, '2,000', '2,200', 3, 3, 2, '-7.922260911', '112.5738712', 0, 'VALID'),
(236, 4, 17, '2,200', '2,400', 2, 4, 2, '-7.922078787', '112.5720989', 0, 'VALID'),
(237, 4, 17, '2,400', '2,600', 2, 2, 2, '-7.921876487', '112.5703337', 0, 'VALID'),
(238, 4, 17, '2,600', '2,800', 3, 3, 2, '-7.92144214', '112.5686055', 0, 'VALID'),
(239, 4, 17, '2,800', '3,000', 3, 3, 3, '-7.921107168', '112.5668559', 0, 'VALID'),
(240, 4, 18, '0', '200', 1, 1, 1, '-7.929846216', '112.5970843', 0, 'VALID'),
(241, 4, 18, '200', '400', 3, 2, 3, '-7.929375111', '112.5954652', 0, 'VALID'),
(242, 4, 18, '400', '600', 3, 3, 4, '-7.928404259', '112.5939603', 0, 'VALID'),
(243, 4, 18, '600', '800', 1, 1, 1, '-7.927563171', '112.5923829', 0, 'VALID'),
(244, 4, 18, '800', '1,000', 1, 1, 1, '-7.926601892', '112.59087', 0, 'VALID'),
(245, 4, 18, '1,000', '1,200', 3, 4, 2, '-7.925816631', '112.5892671', 0, 'VALID'),
(246, 4, 18, '1,200', '1,400', 3, 3, 3, '-7.925421174', '112.5875202', 0, 'VALID'),
(247, 4, 18, '1,400', '1,600', 1, 1, 1, '-7.924948888', '112.5858046', 0, 'VALID'),
(248, 4, 18, '1,600', '1,800', 3, 3, 4, '-7.924059374', '112.5842513', 0, 'VALID'),
(249, 4, 18, '1,800', '2,000', 1, 1, 1, '-7.923513932', '112.5825578', 0, 'VALID'),
(250, 4, 18, '2,000', '2,200', 3, 3, 4, '-7.923259171', '112.5816998', 0, 'VALID'),
(251, 4, 19, '0', '200', 1, 1, 1, '-7.937448584', '112.5957041', 0, 'VALID'),
(252, 4, 19, '200', '400', 1, 1, 1, '-7.936388353', '112.5943168', 0, 'VALID'),
(253, 4, 19, '400', '600', 1, 1, 1, '-7.935524657', '112.5927651', 0, 'VALID'),
(254, 4, 19, '600', '800', 1, 1, 1, '-7.934944388', '112.5910638', 0, 'VALID'),
(255, 4, 19, '800', '1,000', 2, 2, 2, '-7.934131798', '112.589493', 0, 'VALID'),
(256, 4, 19, '1,000', '1,200', 1, 1, 1, '-7.933431796', '112.5878506', 0, 'VALID'),
(257, 4, 19, '1,200', '1,400', 1, 1, 1, '-7.932857261', '112.5861564', 0, 'VALID'),
(258, 4, 19, '1,400', '1,600', 1, 1, 1, '-7.93266294', '112.5843695', 0, 'VALID'),
(259, 4, 19, '1,600', '1,800', 4, 4, 4, '-7.932572013', '112.582573', 0, 'VALID'),
(260, 4, 19, '1,800', '2,000', 4, 4, 4, '-7.932509307', '112.5807747', 0, 'VALID'),
(261, 4, 19, '2,000', '2,200', 3, 3, 3, '-7.932410037', '112.578978', 0, 'VALID'),
(262, 4, 19, '2,200', '2,400', 1, 1, 1, '-7.932282726', '112.5771836', 0, 'VALID'),
(263, 4, 19, '2,400', '2,600', 4, 4, 4, '-7.932223449', '112.5753857', 0, 'VALID'),
(264, 4, 19, '2,600', '2,800', 3, 3, 3, '-7.932178667', '112.5736117', 0, 'VALID'),
(265, 4, 19, '2,800', '3,000', 3, 3, 3, '-7.933675206', '112.5728888', 0, 'VALID'),
(266, 4, 20, '0', '200', 1, 1, 1, '-7.923226749', '112.5758612', 0, 'VALID'),
(267, 4, 20, '200', '400', 1, 1, 1, '-7.924932763', '112.5753179', 0, 'VALID'),
(268, 4, 20, '400', '600', 1, 1, 1, '-7.926528025', '112.5745074', 0, 'VALID'),
(269, 4, 20, '600', '800', 1, 1, 1, '-7.927665091', '112.5731243', 0, 'VALID'),
(270, 4, 20, '800', '1,000', 1, 1, 1, '-7.928533827', '112.5716213', 0, 'VALID'),
(271, 4, 20, '1,000', '1,200', 1, 1, 1, '-7.928215839', '112.569865', 0, 'VALID'),
(272, 4, 20, '1,200', '1,400', 1, 1, 1, '-7.92820976', '112.5680715', 0, 'VALID'),
(273, 4, 20, '1,400', '1,600', 1, 1, 1, '-7.928829421', '112.5668603', 0, 'VALID'),
(274, 4, 20, '1,600', '1,800', 2, 3, 4, '-7.928829421', '112.5668603', 0, 'VALID'),
(275, 4, 20, '1,800', '2,000', 2, 3, 4, '-7.930529248', '112.5664674', 0, 'VALID'),
(276, 4, 20, '2,000', '2,200', 3, 3, 2, '-7.932109819', '112.5656758', 0, 'VALID'),
(277, 4, 20, '2,200', '2,400', 3, 3, 2, '-7.93313713', '112.5658597', 0, 'VALID'),
(278, 4, 20, '2,400', '2,600', 3, 3, 4, '-7.934159105', '112.5644535', 0, 'VALID'),
(279, 4, 20, '2,600', '2,800', 3, 3, 4, '-7.935203657', '112.5630943', 0, 'VALID'),
(280, 4, 20, '2,800', '3,000', 3, 3, 4, '-7.936971997', '112.5629366', 0, 'VALID'),
(281, 4, 21, '0', '200', 3, 3, 4, '-7.954981286', '112.5926379', 0, 'VALID'),
(282, 4, 21, '200', '400', 1, 1, 1, '-7.9556264', '112.5911868', 0, 'VALID'),
(283, 4, 21, '400', '600', 1, 1, 1, '-7.955118573', '112.5895488', 0, 'VALID'),
(284, 4, 21, '600', '800', 1, 1, 1, '-7.954608231', '112.5878187', 0, 'VALID'),
(285, 4, 21, '800', '1,000', 1, 1, 1, '-7.954263897', '112.586042', 0, 'VALID'),
(286, 4, 21, '1,000', '1,200', 3, 3, 4, '-7.953856483', '112.5842849', 0, 'VALID'),
(287, 4, 21, '1,200', '1,400', 3, 3, 4, '-7.954533353', '112.5832011', 0, 'VALID'),
(288, 4, 21, '1,400', '1,600', 3, 3, 4, '-7.955226399', '112.5819934', 0, 'VALID'),
(289, 4, 21, '1,600', '1,800', 3, 3, 4, '-7.955589581', '112.5805506', 0, 'VALID'),
(290, 4, 21, '1,800', '2,000', 1, 1, 1, '-7.954979922', '112.5788715', 0, 'VALID'),
(291, 4, 21, '2,000', '2,200', 2, 2, 2, '-7.954419219', '112.5771522', 0, 'VALID'),
(292, 4, 21, '2,200', '2,400', 3, 3, 4, '-7.953880923', '112.5754258', 0, 'VALID'),
(293, 4, 21, '2,400', '2,600', 1, 1, 1, '-7.953489788', '112.5736607', 0, 'VALID'),
(294, 4, 21, '2,600', '2,800', 1, 1, 1, '-7.952898428', '112.5719536', 0, 'VALID'),
(295, 4, 21, '2,800', '3,000', 1, 1, 1, '-7.95237336', '112.5702218', 0, 'VALID'),
(296, 4, 22, '0', '200', 3, 4, 4, '-7.97174359', '112.6017117', 0, 'VALID'),
(297, 4, 22, '200', '400', 3, 3, 4, '-7.970657053', '112.602131', 0, 'VALID'),
(298, 4, 22, '400', '600', 3, 3, 4, '-7.969976022', '112.6004741', 0, 'VALID'),
(299, 4, 22, '600', '800', 3, 4, 4, '-7.969287548', '112.5988161', 0, 'VALID'),
(300, 4, 22, '800', '1,000', 3, 4, 4, '-7.968554683', '112.5971773', 0, 'VALID'),
(301, 4, 22, '1,000', '1,200', 3, 4, 4, '-7.967831452', '112.5955344', 0, 'VALID'),
(302, 4, 22, '1,200', '1,400', 1, 1, 1, '-7.967132271', '112.5938814', 0, 'VALID'),
(303, 4, 22, '1,400', '1,600', 3, 4, 4, '-7.966511853', '112.5921971', 0, 'VALID'),
(304, 4, 22, '1,600', '1,800', 3, 4, 4, '-7.965836482', '112.5905361', 0, 'VALID'),
(305, 4, 22, '1,800', '2,000', 3, 4, 4, '-7.965104949', '112.5888971', 0, 'VALID'),
(306, 4, 22, '2,000', '2,200', 3, 4, 4, '-7.964296874', '112.5872943', 0, 'VALID'),
(307, 4, 22, '2,200', '2,400', 3, 4, 4, '-7.963446826', '112.5857132', 0, 'VALID'),
(308, 4, 22, '2,400', '2,600', 3, 4, 4, '-7.96260414', '112.5841305', 0, 'VALID'),
(309, 4, 22, '2,600', '2,800', 3, 4, 4, '-7.961964585', '112.5824543', 0, 'VALID'),
(310, 4, 22, '2,800', '3,000', 3, 4, 4, '-7.961446094', '112.5807359', 0, 'VALID'),
(320, 3, 13, '4000', '4200', 2, 2, 2, '-7.9098298777748015', '112.61925073244485', 0, 'VALID'),
(322, 2, 7, '4000', '4200', 2, 2, 3, '-7.942106192711726', '112.62608528137208', 0, 'SUDAH DIPERBAIKI'),
(323, 2, 7, '4000', '4500', 2, 2, 2, '-7.884467129549804', '112.6732921600342', 0, 'VALID'),
(324, 1, 6, '4000', '3400', 2, 1, 1, '-7.900620481788033', '112.66161918640138', 0, 'VALID'),
(325, 2, 12, '5000', '4500', 3, 3, 3, '-7.884467129549804', '112.6732921600342', 0, 'VALID'),
(326, 2, 7, '4000', '4200', 1, 1, 1, '-7.913202655214422', '112.64754295349121', 0, 'VALID'),
(327, 2, 8, '4000', '4200', 1, 1, 1, '-7.886519689031175', '112.61110782623292', 0, 'VALID'),
(328, 2, 10, '4000', '4000', 3, 2, 1, '-7.921023812737141', '112.63655662536623', 0, 'VALID'),
(329, 2, 9, '5000', '5500', 2, 3, 1, '-7.9122462534838265', '112.64066576957704', 0, 'SUDAH DIPERBAIKI'),
(330, 2, 12, '3800', '4200', 2, 3, 4, '-7.913882761761698', '112.64222145080568', 0, 'SUDAH DIPERBAIKI'),
(331, 2, 12, '5000', '5200', 1, 3, 4, '-7.9228940675339095', '112.64719963073732', 0, 'VALID'),
(332, 4, 20, '5000', '5200', 2, 1, 4, '-7.910652245669084', '112.54385948181152', 0, 'VALID'),
(333, 3, 13, '4000', '4500', 1, 3, 2, '-7.899600288750716', '112.64895109840826', 0, 'VALID'),
(334, 2, 10, '5000', '5200', 2, 2, 1, '-7.901385624911743', '112.597975730896', 0, 'VALID'),
(342, 2, 7, '6000', '6200', 2, 2, 2, '-7.889823311035773', '112.66380786895753', 0, 'VALID');

--
-- Indexes for dumped tables
--

--
-- Indexes for table `tb_admin`
--
ALTER TABLE `tb_admin`
  ADD PRIMARY KEY (`id_admin`);

--
-- Indexes for table `tb_cluster`
--
ALTER TABLE `tb_cluster`
  ADD PRIMARY KEY (`id_cluster`);

--
-- Indexes for table `tb_kecamatan`
--
ALTER TABLE `tb_kecamatan`
  ADD PRIMARY KEY (`id_kecamatan`);

--
-- Indexes for table `tb_kerusakan`
--
ALTER TABLE `tb_kerusakan`
  ADD PRIMARY KEY (`id_kerusakan`),
  ADD KEY `id_cluster` (`id_cluster`);

--
-- Indexes for table `tb_lap`
--
ALTER TABLE `tb_lap`
  ADD PRIMARY KEY (`id_laporan`);

--
-- Indexes for table `tb_ruas`
--
ALTER TABLE `tb_ruas`
  ADD PRIMARY KEY (`id_ruas`);

--
-- Indexes for table `tb_status`
--
ALTER TABLE `tb_status`
  ADD PRIMARY KEY (`id_status`);

--
-- Indexes for table `tb_valid`
--
ALTER TABLE `tb_valid`
  ADD PRIMARY KEY (`id_valid`),
  ADD KEY `id_kerusakan` (`id_kerusakan`);

--
-- AUTO_INCREMENT for dumped tables
--

--
-- AUTO_INCREMENT for table `tb_admin`
--
ALTER TABLE `tb_admin`
  MODIFY `id_admin` int(10) NOT NULL AUTO_INCREMENT, AUTO_INCREMENT=3;

--
-- AUTO_INCREMENT for table `tb_cluster`
--
ALTER TABLE `tb_cluster`
  MODIFY `id_cluster` int(100) NOT NULL AUTO_INCREMENT, AUTO_INCREMENT=4;

--
-- AUTO_INCREMENT for table `tb_kecamatan`
--
ALTER TABLE `tb_kecamatan`
  MODIFY `id_kecamatan` int(100) NOT NULL AUTO_INCREMENT, AUTO_INCREMENT=5;

--
-- AUTO_INCREMENT for table `tb_kerusakan`
--
ALTER TABLE `tb_kerusakan`
  MODIFY `id_kerusakan` int(100) NOT NULL AUTO_INCREMENT, AUTO_INCREMENT=5;

--
-- AUTO_INCREMENT for table `tb_lap`
--
ALTER TABLE `tb_lap`
  MODIFY `id_laporan` int(100) NOT NULL AUTO_INCREMENT, AUTO_INCREMENT=42;

--
-- AUTO_INCREMENT for table `tb_ruas`
--
ALTER TABLE `tb_ruas`
  MODIFY `id_ruas` int(100) NOT NULL AUTO_INCREMENT, AUTO_INCREMENT=23;

--
-- AUTO_INCREMENT for table `tb_status`
--
ALTER TABLE `tb_status`
  MODIFY `id_status` int(100) NOT NULL AUTO_INCREMENT, AUTO_INCREMENT=5;

--
-- AUTO_INCREMENT for table `tb_valid`
--
ALTER TABLE `tb_valid`
  MODIFY `id_valid` int(100) NOT NULL AUTO_INCREMENT, AUTO_INCREMENT=343;

--
-- Constraints for dumped tables
--

--
-- Constraints for table `tb_kerusakan`
--
ALTER TABLE `tb_kerusakan`
  ADD CONSTRAINT `tb_kerusakan_ibfk_1` FOREIGN KEY (`id_cluster`) REFERENCES `tb_cluster` (`id_cluster`);
COMMIT;

/*!40101 SET CHARACTER_SET_CLIENT=@OLD_CHARACTER_SET_CLIENT */;
/*!40101 SET CHARACTER_SET_RESULTS=@OLD_CHARACTER_SET_RESULTS */;
/*!40101 SET COLLATION_CONNECTION=@OLD_COLLATION_CONNECTION */;
